id,created_at,updated_at,archived,number
1,2019-02-12 16:59:30.803746+05:30,2019-02-12 16:59:30.803746+05:30,f,001
2,2019-02-12 16:59:38.414129+05:30,2019-02-12 16:59:38.414129+05:30,f,002
3,2019-02-12 16:59:42.386269+05:30,2019-02-12 16:59:42.386269+05:30,f,003
4,2019-02-12 16:59:46.055015+05:30,2019-02-12 16:59:46.055015+05:30,f,004
5,2019-02-12 16:59:49.701203+05:30,2019-02-12 16:59:49.701203+05:30,f,005
6,2019-02-12 16:59:55.180081+05:30,2019-02-12 16:59:55.180081+05:30,f,006
7,2019-02-12 17:00:02.149489+05:30,2019-02-12 17:00:02.149489+05:30,f,007
8,2019-02-12 17:00:05.120577+05:30,2019-02-12 17:00:05.120577+05:30,f,008
9,2019-02-12 17:00:08.014309+05:30,2019-02-12 17:00:08.014309+05:30,f,009
10,2019-02-12 17:00:11.796892+05:30,2019-02-12 17:00:11.796892+05:30,f,010
11,2019-02-12 17:00:14.633307+05:30,2019-02-12 17:00:14.633307+05:30,f,101
12,2019-02-12 17:00:17.326804+05:30,2019-02-12 17:00:17.326804+05:30,f,102
13,2019-02-12 17:00:19.984832+05:30,2019-02-12 17:00:19.984832+05:30,f,103
14,2019-02-12 17:00:22.55319+05:30,2019-02-12 17:00:22.55319+05:30,f,104
15,2019-02-12 17:00:25.496549+05:30,2019-02-12 17:00:25.496549+05:30,f,105
16,2019-02-12 17:00:29.513607+05:30,2019-02-12 17:00:29.513607+05:30,f,106
17,2019-02-12 17:00:32.845103+05:30,2019-02-12 17:00:32.845103+05:30,f,107
18,2019-02-12 17:00:35.824024+05:30,2019-02-12 17:00:35.824024+05:30,f,108
19,2019-02-12 17:00:39.576962+05:30,2019-02-12 17:00:39.576962+05:30,f,109
20,2019-02-12 17:00:43.007825+05:30,2019-02-12 17:00:43.007825+05:30,f,110
21,2019-02-12 17:00:48.221807+05:30,2019-02-12 17:00:48.221807+05:30,f,201
22,2019-02-12 17:00:51.158299+05:30,2019-02-12 17:00:51.158299+05:30,f,202
23,2019-02-12 17:00:54.944489+05:30,2019-02-12 17:00:54.944489+05:30,f,203
24,2019-02-12 17:00:59.499858+05:30,2019-02-12 17:00:59.499858+05:30,f,204
25,2019-02-12 17:01:03.376196+05:30,2019-02-12 17:01:03.376196+05:30,f,205
26,2019-02-12 17:01:08.233768+05:30,2019-02-12 17:01:08.233768+05:30,f,206
27,2019-02-12 17:01:11.672032+05:30,2019-02-12 17:01:11.672032+05:30,f,207
28,2019-02-12 17:01:15.388621+05:30,2019-02-12 17:01:15.388621+05:30,f,208
29,2019-02-12 17:01:18.37978+05:30,2019-02-12 17:01:18.37978+05:30,f,209
30,2019-02-12 17:01:22.712454+05:30,2019-02-12 17:01:22.712454+05:30,f,210
31,2019-02-12 17:01:26.138794+05:30,2019-02-12 17:01:26.138794+05:30,f,301
32,2019-02-12 17:01:29.419402+05:30,2019-02-12 17:01:29.419402+05:30,f,302
33,2019-02-12 17:01:33.512727+05:30,2019-02-12 17:01:33.512727+05:30,f,303
34,2019-02-12 17:01:37.017457+05:30,2019-02-12 17:01:37.017457+05:30,f,304
35,2019-02-12 17:01:43.626648+05:30,2019-02-12 17:01:43.626648+05:30,f,305
36,2019-02-12 17:01:47.359575+05:30,2019-02-12 17:01:47.359575+05:30,f,306
37,2019-02-12 17:01:50.75512+05:30,2019-02-12 17:01:50.75512+05:30,f,307
38,2019-02-12 17:01:53.647669+05:30,2019-02-12 17:01:53.647669+05:30,f,308
39,2019-02-12 17:01:56.683903+05:30,2019-02-12 17:01:56.683903+05:30,f,309
40,2019-02-12 17:02:00.198731+05:30,2019-02-12 17:02:00.198731+05:30,f,310
