id,created_at,updated_at,archived,isLab,block_id,number_id
1,2019-02-12 17:02:25.52897+05:30,2019-02-12 17:02:25.52897+05:30,f,f,2,4
2,2019-02-12 17:25:28.848964+05:30,2019-02-12 17:25:28.848964+05:30,f,f,2,14
3,2019-02-12 18:04:55.655295+05:30,2019-02-12 18:04:55.655295+05:30,f,f,2,11
4,2019-02-12 18:10:04.573023+05:30,2019-02-12 18:10:04.573023+05:30,f,t,1,12
5,2019-02-12 18:18:23.650014+05:30,2019-02-12 18:18:23.650014+05:30,f,t,1,13
6,2019-02-12 18:22:53.041903+05:30,2019-02-12 18:22:53.041903+05:30,f,t,1,14
7,2019-02-12 18:47:34.92807+05:30,2019-02-12 18:47:34.92807+05:30,f,t,1,17
8,2019-02-12 18:57:10.084604+05:30,2019-02-12 18:57:10.084604+05:30,f,f,4,11
9,2019-02-12 19:02:06.202736+05:30,2019-02-12 19:02:06.202736+05:30,f,f,4,21
10,2019-02-12 19:07:33.324576+05:30,2019-02-12 19:07:33.324576+05:30,f,t,1,26
11,2019-02-12 19:16:29.649347+05:30,2019-02-12 19:16:29.649347+05:30,f,t,5,27
12,2019-02-12 19:47:02.19056+05:30,2019-02-12 19:47:02.19056+05:30,f,t,6,27
13,2019-02-12 19:54:15.544944+05:30,2019-02-12 19:54:15.544944+05:30,f,t,1,24
14,2019-02-12 20:02:46.346957+05:30,2019-02-12 20:02:46.346957+05:30,f,t,1,23
15,2019-02-12 20:07:03.30226+05:30,2019-02-12 20:07:03.30226+05:30,f,t,1,22
16,2019-02-12 20:10:33.291953+05:30,2019-02-12 20:10:33.291953+05:30,f,f,2,34
17,2019-02-12 20:15:01.191516+05:30,2019-02-12 20:15:01.191516+05:30,f,t,1,32
18,2019-02-12 20:19:28.859211+05:30,2019-02-12 20:19:28.859211+05:30,f,t,1,33
19,2019-02-12 20:24:03.85142+05:30,2019-02-12 20:24:03.85142+05:30,f,t,1,34
20,2019-02-12 20:27:29.799562+05:30,2019-02-12 20:27:29.799562+05:30,f,t,1,36
21,2019-02-12 20:38:48.32322+05:30,2019-02-12 20:38:48.32322+05:30,f,t,1,37
22,2019-02-12 20:43:21.647531+05:30,2019-02-12 20:43:21.647531+05:30,f,t,1,38
23,2019-02-12 20:47:53.138896+05:30,2019-02-12 20:47:53.138896+05:30,f,f,4,31
24,2019-02-12 20:50:39.656498+05:30,2019-02-12 20:50:39.656498+05:30,f,t,3,35
25,2019-02-12 20:53:58.384794+05:30,2019-02-12 20:53:58.384794+05:30,f,t,3,34
26,2019-02-12 21:06:53.632485+05:30,2019-02-12 21:06:53.632485+05:30,f,t,3,14
27,2019-02-12 21:34:14.460334+05:30,2019-02-12 21:34:14.460334+05:30,f,t,3,32
28,2019-02-12 21:37:33.837529+05:30,2019-02-12 21:37:33.837529+05:30,f,f,3,21
29,2019-02-12 21:41:54.965985+05:30,2019-02-12 21:41:54.965985+05:30,f,f,3,22
30,2019-02-12 21:44:27.437446+05:30,2019-02-12 21:44:27.437446+05:30,f,f,3,24
31,2019-02-12 22:00:40.134323+05:30,2019-02-12 22:00:40.134323+05:30,f,t,3,15
32,2019-02-12 22:09:16.994345+05:30,2019-02-12 22:09:16.994345+05:30,f,t,3,13
33,2019-02-12 22:09:53.820276+05:30,2019-02-12 22:09:53.820276+05:30,f,t,3,12
34,2019-02-12 22:12:53.385176+05:30,2019-02-12 22:12:53.386147+05:30,f,f,2,13
35,2019-02-12 22:14:05.354028+05:30,2019-02-12 22:14:05.354028+05:30,f,f,2,31
36,2019-02-12 22:21:17.773821+05:30,2019-02-12 22:21:17.773821+05:30,f,f,2,32
37,2019-02-12 22:23:44.627514+05:30,2019-02-12 22:23:44.627514+05:30,f,f,2,33
38,2019-02-12 22:26:24.485349+05:30,2019-02-12 22:26:24.485349+05:30,f,f,3,31
39,2019-02-12 22:31:16.89938+05:30,2019-02-12 22:31:16.89938+05:30,f,f,2,23
40,2019-02-12 22:43:41.685371+05:30,2019-02-12 22:43:41.685371+05:30,f,f,2,24
42,2019-02-12 22:59:37.147554+05:30,2019-02-12 22:59:37.147554+05:30,f,f,2,21
43,2019-02-12 23:02:58.32567+05:30,2019-02-12 23:02:58.32567+05:30,f,f,2,12
41,2019-02-12 23:03:14.829112+05:30,2019-02-12 22:47:21.473114+05:30,f,f,2,22
